               epoch,      train/box_loss,      train/obj_loss,      train/cls_loss,   metrics/precision,      metrics/recall,     metrics/mAP_0.5,metrics/mAP_0.5:0.95,        val/box_loss,        val/obj_loss,        val/cls_loss,               x/lr0,               x/lr1,               x/lr2
                   0,            0.089976,            0.066385,            0.043909,             0.19839,             0.55428,             0.21511,            0.067143,            0.062262,            0.061075,            0.044377,            0.070462,           0.0032821,           0.0032821
                   1,            0.067432,            0.057058,            0.035935,             0.20736,             0.57782,              0.2293,            0.074357,            0.058802,            0.037504,            0.041284,             0.04044,           0.0065936,           0.0065936
                   2,            0.063516,            0.047846,            0.031777,             0.26889,             0.53522,             0.34362,            0.099645,            0.055018,             0.03581,            0.035518,            0.010396,           0.0098831,           0.0098831
                   3,            0.058222,            0.047898,            0.026175,             0.63038,             0.61538,             0.65103,             0.21393,            0.050987,            0.032922,             0.02707,            0.009901,            0.009901,            0.009901
                   4,            0.051533,            0.045158,            0.021623,             0.67742,             0.62565,             0.67936,             0.29136,            0.042673,            0.032785,             0.02543,            0.009901,            0.009901,            0.009901
                   5,            0.048199,            0.044863,            0.018969,             0.75913,             0.69379,             0.73564,             0.38857,            0.037792,            0.032153,            0.019551,            0.009868,            0.009868,            0.009868
                   6,            0.045621,            0.045245,             0.01628,             0.79849,              0.7147,             0.81609,             0.40007,            0.037135,            0.031049,            0.016393,            0.009835,            0.009835,            0.009835
                   7,            0.043759,            0.043303,            0.014127,             0.73396,             0.73581,             0.78971,             0.38324,            0.036666,            0.033164,            0.014383,            0.009802,            0.009802,            0.009802
                   8,              0.0422,            0.043145,             0.01336,             0.86779,             0.73398,             0.83626,             0.41739,             0.03723,            0.032708,            0.012244,            0.009769,            0.009769,            0.009769
                   9,            0.043155,            0.043599,            0.011479,             0.87354,              0.7456,             0.84067,             0.49919,            0.033438,            0.031975,            0.010486,            0.009736,            0.009736,            0.009736
                  10,            0.041317,             0.04501,             0.01159,             0.81115,             0.75912,             0.83207,             0.46682,            0.035035,            0.032166,            0.010867,            0.009703,            0.009703,            0.009703
                  11,            0.041022,            0.043176,           0.0096663,              0.8261,             0.82761,             0.85345,             0.51665,            0.032996,             0.03127,           0.0093852,             0.00967,             0.00967,             0.00967
                  12,            0.039502,            0.042839,           0.0096826,             0.80785,             0.83431,             0.85668,             0.50616,            0.032337,            0.031511,           0.0092875,            0.009637,            0.009637,            0.009637
                  13,            0.039036,            0.041717,           0.0095008,             0.84986,              0.8028,             0.85324,               0.515,            0.031693,            0.031644,            0.010661,            0.009604,            0.009604,            0.009604
                  14,            0.039712,            0.042157,           0.0086209,             0.83513,             0.80436,               0.841,               0.524,             0.03134,            0.030636,            0.009746,            0.009571,            0.009571,            0.009571
                  15,            0.038258,            0.041185,           0.0083062,              0.8079,             0.78455,              0.8326,             0.54119,            0.029613,              0.0307,            0.012424,            0.009538,            0.009538,            0.009538
                  16,             0.03796,             0.04165,           0.0088553,             0.77742,             0.79588,             0.82127,             0.50485,             0.03268,            0.032244,            0.014197,            0.009505,            0.009505,            0.009505
                  17,            0.038522,            0.041461,           0.0076697,             0.89988,             0.76504,             0.85549,             0.52449,            0.031903,            0.031942,           0.0097605,            0.009472,            0.009472,            0.009472
                  18,            0.037215,            0.041557,           0.0084378,             0.81479,             0.73855,             0.81503,             0.49783,            0.030779,            0.031679,            0.012055,            0.009439,            0.009439,            0.009439
                  19,            0.038191,            0.041608,           0.0080101,               0.854,             0.80746,              0.8619,             0.57905,            0.028553,            0.030342,           0.0090261,            0.009406,            0.009406,            0.009406
                  20,            0.037294,            0.042336,           0.0078374,             0.84584,             0.81709,             0.85503,              0.5661,            0.029425,            0.032205,           0.0092738,            0.009373,            0.009373,            0.009373
                  21,            0.035772,             0.03969,           0.0072607,             0.85519,             0.82316,              0.8665,             0.57157,            0.028346,            0.030813,           0.0094065,             0.00934,             0.00934,             0.00934
                  22,            0.036325,            0.040021,           0.0068456,              0.8354,             0.76995,             0.84301,             0.53264,            0.029751,            0.030871,            0.013752,            0.009307,            0.009307,            0.009307
                  23,            0.035628,            0.039381,           0.0075969,             0.83428,             0.81082,             0.85223,             0.54007,            0.030637,            0.031384,           0.0097672,            0.009274,            0.009274,            0.009274
                  24,             0.03532,            0.039877,           0.0068877,              0.7854,             0.77328,             0.81729,             0.54952,            0.027996,            0.031554,            0.014192,            0.009241,            0.009241,            0.009241
                  25,            0.035386,             0.03969,           0.0070229,             0.89455,             0.76052,             0.85894,             0.53015,            0.031934,            0.031651,           0.0084813,            0.009208,            0.009208,            0.009208
                  26,              0.0361,            0.039557,           0.0066843,             0.86672,             0.81664,             0.86504,             0.57322,            0.027979,            0.031093,           0.0073583,            0.009175,            0.009175,            0.009175
                  27,            0.034362,            0.039866,           0.0064996,             0.86538,             0.80246,             0.85686,              0.5781,            0.027901,            0.030919,           0.0091108,            0.009142,            0.009142,            0.009142
                  28,            0.034703,            0.038606,            0.005942,             0.86407,             0.78933,             0.85348,             0.57631,            0.028321,            0.031016,            0.011262,            0.009109,            0.009109,            0.009109
                  29,            0.034693,            0.038961,           0.0055451,             0.83177,             0.79318,             0.83052,             0.57116,            0.027238,            0.032047,             0.01176,            0.009076,            0.009076,            0.009076
                  30,            0.034267,            0.039961,           0.0062741,             0.84059,             0.82329,             0.86418,             0.57998,            0.027878,            0.030649,           0.0094022,            0.009043,            0.009043,            0.009043
                  31,            0.033541,            0.037175,           0.0057055,             0.85051,             0.79837,             0.86308,             0.56278,            0.028298,            0.030321,           0.0099213,             0.00901,             0.00901,             0.00901
                  32,            0.033876,            0.038643,           0.0055204,             0.82282,             0.77467,             0.82705,             0.56957,            0.026981,            0.030925,            0.012761,            0.008977,            0.008977,            0.008977
                  33,            0.033732,            0.038546,           0.0059171,             0.85189,             0.78837,             0.85468,              0.5733,            0.027495,            0.031301,            0.010899,            0.008944,            0.008944,            0.008944
                  34,            0.034289,            0.037853,           0.0055072,             0.87537,               0.807,             0.85472,             0.58034,             0.02728,            0.031436,           0.0085442,            0.008911,            0.008911,            0.008911
                  35,            0.033648,            0.038276,           0.0052278,             0.84403,             0.80364,               0.858,             0.56335,            0.027786,            0.030374,           0.0097519,            0.008878,            0.008878,            0.008878
                  36,            0.032985,            0.036878,           0.0051474,             0.87798,              0.8059,             0.86518,              0.5862,            0.027024,            0.031056,           0.0085022,            0.008845,            0.008845,            0.008845
                  37,            0.033092,            0.038316,           0.0051235,             0.87587,             0.80602,             0.86212,             0.57546,            0.028283,            0.030502,           0.0085172,            0.008812,            0.008812,            0.008812
                  38,            0.034348,            0.038401,           0.0048671,             0.85615,             0.80281,             0.86269,             0.58483,            0.027576,            0.030594,            0.011117,            0.008779,            0.008779,            0.008779
                  39,            0.032963,            0.037528,           0.0049391,              0.8315,             0.80889,              0.8523,             0.58996,            0.026803,            0.030625,            0.011432,            0.008746,            0.008746,            0.008746
                  40,            0.033435,            0.038807,           0.0051998,             0.85561,             0.79656,             0.84282,             0.57342,            0.027312,            0.030025,           0.0091858,            0.008713,            0.008713,            0.008713
                  41,            0.031794,            0.036252,           0.0050582,             0.88534,             0.80938,              0.8731,             0.59586,            0.027792,             0.03023,           0.0083867,             0.00868,             0.00868,             0.00868
                  42,            0.033077,            0.038161,            0.004834,              0.8882,             0.79004,             0.85829,             0.58528,            0.026579,            0.030415,           0.0086828,            0.008647,            0.008647,            0.008647
                  43,            0.032397,            0.038153,           0.0048953,             0.86971,              0.7799,             0.85413,             0.58151,            0.026388,            0.030166,            0.010013,            0.008614,            0.008614,            0.008614
                  44,            0.032127,            0.036974,           0.0048077,             0.86585,             0.83228,             0.87009,             0.57635,            0.027067,            0.030368,           0.0078214,            0.008581,            0.008581,            0.008581
                  45,            0.031641,            0.037059,           0.0045781,             0.87549,             0.81713,             0.85441,             0.58706,            0.025851,            0.030941,           0.0083542,            0.008548,            0.008548,            0.008548
                  46,            0.031406,            0.035795,           0.0038218,             0.89476,             0.82111,             0.87303,             0.59892,             0.02648,            0.030066,           0.0088593,            0.008515,            0.008515,            0.008515
                  47,            0.032248,            0.038433,            0.003974,              0.8612,             0.80813,             0.85384,             0.59781,            0.025226,            0.031099,            0.010088,            0.008482,            0.008482,            0.008482
                  48,            0.030848,            0.035095,           0.0041065,             0.92761,             0.77523,             0.87352,             0.60403,            0.026203,            0.029699,           0.0077387,            0.008449,            0.008449,            0.008449
                  49,            0.030977,            0.036207,           0.0037985,             0.85803,             0.80203,             0.84556,             0.58259,             0.02692,            0.031011,            0.012241,            0.008416,            0.008416,            0.008416
                  50,             0.03092,            0.036316,           0.0038476,             0.89495,             0.83112,             0.88502,             0.60101,            0.027691,            0.029159,           0.0074549,            0.008383,            0.008383,            0.008383
                  51,            0.031551,            0.035812,           0.0037776,             0.88403,             0.81423,              0.8815,             0.59257,            0.026001,             0.03023,           0.0076007,             0.00835,             0.00835,             0.00835
                  52,            0.030623,            0.034346,           0.0037174,             0.86077,             0.85513,             0.87796,             0.59255,            0.026354,            0.029964,           0.0077126,            0.008317,            0.008317,            0.008317
                  53,            0.030971,            0.035618,           0.0041786,             0.83797,             0.82042,             0.86166,             0.58005,            0.026921,            0.031374,           0.0087921,            0.008284,            0.008284,            0.008284
                  54,            0.030964,            0.035158,           0.0041968,             0.85884,             0.81805,             0.86529,             0.58716,             0.02646,            0.030601,           0.0080996,            0.008251,            0.008251,            0.008251
                  55,            0.030247,            0.035453,           0.0037511,             0.89972,             0.81084,             0.87205,             0.60367,            0.026058,            0.031134,           0.0082891,            0.008218,            0.008218,            0.008218
                  56,            0.031462,            0.037172,           0.0039884,             0.85577,             0.81647,             0.85666,             0.59691,            0.026116,             0.03124,            0.010047,            0.008185,            0.008185,            0.008185
                  57,             0.02997,            0.035612,           0.0038346,             0.83672,             0.80345,             0.82718,             0.58055,             0.02565,            0.030687,            0.010137,            0.008152,            0.008152,            0.008152
                  58,            0.030162,            0.035849,           0.0040858,             0.84969,             0.86078,             0.87862,             0.59162,            0.025987,            0.030875,           0.0079694,            0.008119,            0.008119,            0.008119
                  59,            0.029829,             0.03458,           0.0036894,             0.86679,             0.84924,             0.87945,             0.59784,            0.025635,            0.030577,           0.0090846,            0.008086,            0.008086,            0.008086
                  60,             0.02977,            0.035482,           0.0035062,             0.88242,             0.82884,             0.87545,             0.60272,            0.026117,            0.030572,            0.007954,            0.008053,            0.008053,            0.008053
                  61,            0.029913,            0.035091,           0.0034462,             0.88942,             0.82328,             0.87379,             0.59423,            0.026337,            0.031892,           0.0075771,             0.00802,             0.00802,             0.00802
                  62,            0.029386,            0.035033,           0.0033649,             0.85849,             0.79936,             0.85241,             0.58791,            0.026825,            0.032101,            0.008845,            0.007987,            0.007987,            0.007987
                  63,            0.029818,            0.033869,           0.0039587,             0.86343,             0.80932,             0.86718,             0.59937,            0.025753,             0.03043,           0.0095184,            0.007954,            0.007954,            0.007954
                  64,            0.029165,            0.034769,           0.0035842,             0.83121,             0.85098,             0.87403,             0.60754,            0.025264,            0.030563,           0.0075437,            0.007921,            0.007921,            0.007921
                  65,            0.028938,            0.034514,            0.003149,              0.8447,             0.80988,             0.86335,             0.59553,            0.025721,            0.031122,           0.0087187,            0.007888,            0.007888,            0.007888
                  66,            0.029319,            0.034364,           0.0033388,             0.89489,             0.80023,             0.86782,             0.59602,            0.025596,            0.031077,           0.0087201,            0.007855,            0.007855,            0.007855
                  67,            0.029709,             0.03379,           0.0032605,             0.83996,             0.80365,             0.85719,             0.58619,            0.026348,            0.032314,           0.0089203,            0.007822,            0.007822,            0.007822
                  68,            0.029662,            0.033296,           0.0034207,             0.88581,             0.82483,             0.87074,             0.60535,            0.025578,            0.031573,           0.0070381,            0.007789,            0.007789,            0.007789
                  69,            0.029058,             0.03333,           0.0034535,             0.89788,             0.76163,             0.85128,             0.57725,            0.026644,            0.030844,           0.0099714,            0.007756,            0.007756,            0.007756
                  70,            0.028617,            0.034223,           0.0030831,             0.86364,             0.81221,             0.87443,             0.60894,            0.025356,            0.030376,           0.0086688,            0.007723,            0.007723,            0.007723
                  71,            0.028917,            0.034125,           0.0031232,             0.88763,             0.78787,             0.87606,             0.59973,            0.025568,            0.031462,           0.0093839,             0.00769,             0.00769,             0.00769
                  72,            0.028244,            0.032806,           0.0029091,             0.88065,             0.79787,              0.8583,             0.57381,            0.026743,            0.032382,           0.0076969,            0.007657,            0.007657,            0.007657
                  73,            0.028296,            0.032409,           0.0033519,             0.80583,             0.82332,             0.86198,              0.5817,            0.025785,            0.031116,           0.0081627,            0.007624,            0.007624,            0.007624
                  74,            0.028308,            0.034164,           0.0033295,             0.81427,             0.84186,             0.86445,             0.58657,            0.025871,            0.031076,           0.0084516,            0.007591,            0.007591,            0.007591
                  75,            0.028638,             0.03371,            0.003268,              0.8846,             0.80185,             0.86499,             0.59366,            0.025773,            0.032134,           0.0075686,            0.007558,            0.007558,            0.007558
                  76,              0.0284,            0.033632,            0.003119,             0.85659,             0.80955,             0.85646,             0.59008,            0.025593,            0.032097,           0.0078125,            0.007525,            0.007525,            0.007525
                  77,            0.027678,            0.034438,            0.002785,              0.8574,              0.8298,             0.87126,             0.60387,            0.025763,            0.032172,           0.0080612,            0.007492,            0.007492,            0.007492
                  78,            0.027925,            0.032252,           0.0031823,             0.89689,             0.81417,             0.87016,             0.60506,            0.025622,            0.031037,           0.0089864,            0.007459,            0.007459,            0.007459
                  79,            0.027475,            0.032236,           0.0032329,             0.88175,             0.77322,             0.84901,             0.58784,            0.025533,            0.031602,           0.0088399,            0.007426,            0.007426,            0.007426
                  80,            0.027993,            0.032499,           0.0030339,             0.92342,             0.79019,             0.87678,             0.60329,            0.025562,            0.031141,           0.0069224,            0.007393,            0.007393,            0.007393
                  81,            0.027507,            0.032492,           0.0029804,             0.85766,             0.81743,             0.87104,              0.6032,            0.025595,            0.030919,            0.008387,             0.00736,             0.00736,             0.00736
                  82,            0.028064,            0.032927,           0.0027474,             0.88225,             0.79749,             0.86018,             0.59545,            0.025656,            0.031327,           0.0088547,            0.007327,            0.007327,            0.007327
                  83,            0.027629,            0.032203,           0.0026876,             0.86672,             0.83224,             0.86023,             0.60302,            0.025665,            0.031628,           0.0086146,            0.007294,            0.007294,            0.007294
                  84,            0.027047,            0.033545,           0.0028832,             0.89921,             0.82561,             0.86667,             0.59209,             0.02626,             0.03219,           0.0078615,            0.007261,            0.007261,            0.007261
                  85,            0.027928,            0.031963,           0.0028438,             0.89533,             0.79458,             0.87677,             0.61288,            0.025742,            0.030156,           0.0074852,            0.007228,            0.007228,            0.007228
                  86,            0.027689,            0.031775,           0.0029879,             0.87462,             0.82145,             0.87052,             0.60269,             0.02513,            0.031431,           0.0073461,            0.007195,            0.007195,            0.007195
                  87,              0.0278,            0.032888,           0.0025897,             0.89236,             0.80113,              0.8646,             0.60574,            0.025385,            0.031158,           0.0083356,            0.007162,            0.007162,            0.007162
                  88,            0.027011,            0.032469,           0.0030254,             0.86219,              0.8193,             0.85068,             0.60127,            0.025769,            0.030813,           0.0091929,            0.007129,            0.007129,            0.007129
                  89,            0.026948,            0.032098,           0.0028598,             0.88431,             0.83346,             0.87429,             0.60614,            0.025698,            0.031397,           0.0082025,            0.007096,            0.007096,            0.007096
                  90,            0.027274,            0.031625,            0.002553,             0.86012,             0.81047,             0.86123,             0.59491,            0.025892,            0.031577,           0.0079386,            0.007063,            0.007063,            0.007063
                  91,            0.027267,            0.031368,            0.002537,             0.88617,             0.79918,             0.86412,             0.59941,            0.026647,            0.031762,           0.0082409,             0.00703,             0.00703,             0.00703
                  92,            0.027187,            0.032069,           0.0029439,              0.8668,             0.80007,             0.86536,             0.59453,            0.025702,            0.031558,           0.0091779,            0.006997,            0.006997,            0.006997
                  93,             0.02653,            0.031622,           0.0023492,             0.89167,             0.81214,              0.8785,             0.61239,             0.02554,            0.030834,           0.0079852,            0.006964,            0.006964,            0.006964
                  94,            0.026897,            0.031822,            0.002723,             0.89363,             0.78539,             0.85713,             0.60613,            0.025576,            0.031438,           0.0099467,            0.006931,            0.006931,            0.006931
                  95,            0.026656,            0.031108,           0.0025406,             0.86094,             0.79545,             0.85703,             0.60046,            0.025152,            0.031644,            0.010049,            0.006898,            0.006898,            0.006898
                  96,             0.02569,            0.031346,           0.0023259,              0.8786,              0.7964,             0.85993,             0.60613,            0.025215,            0.033048,           0.0088417,            0.006865,            0.006865,            0.006865
                  97,             0.02598,            0.030929,           0.0026873,             0.87427,             0.78812,             0.85689,             0.59752,            0.025768,            0.031601,            0.010871,            0.006832,            0.006832,            0.006832
                  98,            0.026429,            0.031995,           0.0028141,             0.84418,             0.79286,             0.84863,             0.59871,            0.025553,            0.031088,            0.011314,            0.006799,            0.006799,            0.006799
                  99,            0.026491,            0.032051,           0.0025657,              0.8455,             0.82168,             0.86481,             0.60584,            0.025574,            0.031488,           0.0080883,            0.006766,            0.006766,            0.006766
                 100,            0.025721,            0.031687,           0.0023853,             0.88774,             0.78985,             0.86161,             0.60274,            0.025702,            0.031859,           0.0085678,            0.006733,            0.006733,            0.006733
                 101,            0.026044,            0.030781,           0.0026279,             0.86833,             0.81185,              0.8608,             0.60009,            0.025708,            0.032486,           0.0084864,              0.0067,              0.0067,              0.0067
                 102,            0.025733,            0.031168,           0.0022593,              0.9142,              0.7892,             0.85667,             0.60287,            0.025424,            0.032703,           0.0082873,            0.006667,            0.006667,            0.006667
                 103,            0.025587,            0.031452,           0.0025211,             0.89424,             0.82149,             0.87046,             0.61152,            0.025567,            0.030849,             0.00914,            0.006634,            0.006634,            0.006634
                 104,            0.025913,            0.031444,           0.0023813,             0.87981,             0.80213,             0.86523,             0.61032,            0.024971,            0.031932,           0.0082382,            0.006601,            0.006601,            0.006601
                 105,            0.026315,             0.03127,           0.0027092,             0.84139,             0.82725,              0.8653,             0.60001,            0.025183,            0.031972,           0.0084658,            0.006568,            0.006568,            0.006568
                 106,            0.025503,            0.030421,           0.0023039,             0.83616,             0.80643,             0.85336,             0.58749,            0.025893,            0.032335,            0.010095,            0.006535,            0.006535,            0.006535
                 107,            0.025528,             0.03018,            0.002234,             0.86456,             0.82971,             0.85399,             0.60064,            0.025532,            0.033037,           0.0079053,            0.006502,            0.006502,            0.006502
                 108,            0.025872,            0.031735,            0.002714,             0.89517,             0.78258,             0.85837,              0.6021,            0.025926,            0.032373,           0.0083532,            0.006469,            0.006469,            0.006469
                 109,            0.025033,            0.031439,           0.0024855,             0.90204,             0.76762,             0.85598,             0.60405,            0.025384,            0.032284,           0.0088359,            0.006436,            0.006436,            0.006436
                 110,            0.026152,            0.030332,           0.0024235,             0.88505,             0.83538,             0.87087,              0.6111,            0.025226,            0.032404,           0.0078458,            0.006403,            0.006403,            0.006403
                 111,            0.025684,            0.031102,           0.0025699,             0.89469,             0.80405,             0.86437,             0.60155,            0.025763,            0.032235,           0.0084173,             0.00637,             0.00637,             0.00637
                 112,            0.025355,            0.031159,           0.0025389,             0.89102,             0.84242,             0.87034,             0.60725,            0.025683,            0.031806,           0.0073718,            0.006337,            0.006337,            0.006337
                 113,            0.025576,            0.030248,            0.002415,             0.92244,             0.76039,             0.85233,             0.59498,            0.026345,            0.033251,           0.0088796,            0.006304,            0.006304,            0.006304
                 114,            0.024925,             0.02952,           0.0023965,             0.85322,             0.82311,             0.86258,             0.59396,            0.025523,            0.032283,           0.0087771,            0.006271,            0.006271,            0.006271
                 115,            0.024941,            0.029666,           0.0022187,             0.88611,             0.81327,             0.86772,             0.60409,            0.025764,             0.03248,           0.0097209,            0.006238,            0.006238,            0.006238
                 116,              0.0249,            0.031153,           0.0023222,             0.82753,             0.82099,             0.85641,             0.59043,            0.025586,            0.031029,            0.010964,            0.006205,            0.006205,            0.006205
                 117,             0.02414,            0.028904,           0.0022237,             0.87475,             0.79397,             0.85868,             0.60716,            0.025558,            0.032707,           0.0098193,            0.006172,            0.006172,            0.006172
                 118,            0.025118,            0.030309,           0.0022795,             0.89725,             0.79116,             0.86085,             0.60898,            0.024872,            0.031975,            0.010085,            0.006139,            0.006139,            0.006139
                 119,            0.024493,            0.030256,           0.0022695,             0.88699,             0.77181,             0.85532,             0.60506,            0.024978,            0.033055,           0.0089193,            0.006106,            0.006106,            0.006106
                 120,            0.024069,            0.028775,           0.0026293,              0.8877,             0.77979,             0.85925,              0.6039,            0.025214,            0.032841,           0.0095805,            0.006073,            0.006073,            0.006073
                 121,            0.024771,            0.030538,           0.0019925,             0.87191,             0.79227,             0.85419,             0.59827,            0.025479,            0.032787,            0.010192,             0.00604,             0.00604,             0.00604
                 122,            0.024227,             0.02913,           0.0023291,              0.8414,             0.79186,             0.85795,             0.59688,            0.025318,            0.032486,            0.010854,            0.006007,            0.006007,            0.006007
                 123,            0.024651,            0.030055,           0.0026029,             0.85738,             0.80834,             0.85645,             0.60657,              0.0251,            0.033328,           0.0094757,            0.005974,            0.005974,            0.005974
                 124,            0.024144,            0.029046,           0.0020572,             0.83454,             0.82101,             0.85555,             0.59832,            0.025358,            0.032923,           0.0097621,            0.005941,            0.005941,            0.005941
                 125,             0.02393,            0.029066,           0.0022106,             0.85292,              0.8117,              0.8573,             0.59751,             0.02538,            0.032892,           0.0097824,            0.005908,            0.005908,            0.005908
                 126,             0.02452,            0.029449,           0.0020665,             0.83844,              0.8278,             0.86016,             0.60321,            0.024901,            0.032642,           0.0085564,            0.005875,            0.005875,            0.005875
                 127,            0.024082,            0.030026,           0.0019624,             0.86926,             0.82644,             0.87167,             0.60811,            0.024491,            0.032334,           0.0078054,            0.005842,            0.005842,            0.005842
                 128,            0.023847,            0.028132,           0.0022604,             0.90174,             0.80461,             0.86483,             0.60646,            0.025072,            0.031716,            0.007716,            0.005809,            0.005809,            0.005809
                 129,             0.02386,            0.029146,           0.0021811,             0.82655,             0.83325,             0.85067,              0.6001,            0.024962,            0.032735,            0.009462,            0.005776,            0.005776,            0.005776
                 130,            0.024248,            0.028539,           0.0020505,             0.87445,             0.79719,             0.86631,             0.60606,            0.025026,            0.032653,           0.0084613,            0.005743,            0.005743,            0.005743
                 131,            0.023211,             0.02898,           0.0019748,             0.86996,              0.8082,             0.84275,             0.59453,            0.025638,            0.033956,           0.0089066,             0.00571,             0.00571,             0.00571
                 132,            0.023183,            0.028053,           0.0020506,             0.88881,             0.80296,             0.86128,             0.59669,             0.02532,            0.033416,           0.0087318,            0.005677,            0.005677,            0.005677
                 133,            0.023409,            0.029158,           0.0020849,             0.87212,             0.81245,             0.85255,             0.59225,             0.02544,            0.033665,           0.0091983,            0.005644,            0.005644,            0.005644
                 134,            0.023665,            0.028802,           0.0022515,             0.84961,              0.8314,             0.86655,             0.60536,            0.024435,            0.031664,           0.0089564,            0.005611,            0.005611,            0.005611
                 135,            0.023355,            0.028373,            0.001988,             0.91722,             0.79554,             0.86441,             0.60778,            0.025044,            0.031846,           0.0094574,            0.005578,            0.005578,            0.005578
                 136,            0.023828,            0.029288,           0.0020117,              0.8571,             0.78465,             0.84638,             0.59107,            0.025367,            0.034306,            0.011113,            0.005545,            0.005545,            0.005545
                 137,            0.023296,             0.02877,           0.0023738,             0.86098,             0.84555,             0.87417,             0.61352,            0.024828,            0.032022,           0.0086906,            0.005512,            0.005512,            0.005512
                 138,            0.023538,             0.02947,           0.0021825,              0.8496,             0.84296,             0.85982,             0.60011,            0.025327,            0.032577,           0.0095327,            0.005479,            0.005479,            0.005479
                 139,            0.023308,            0.028541,           0.0018728,             0.87909,             0.81048,             0.86882,             0.60179,             0.02561,            0.032184,           0.0082751,            0.005446,            0.005446,            0.005446
                 140,            0.023313,            0.029347,            0.001886,             0.86555,             0.78961,             0.84475,             0.59356,            0.025764,            0.033246,           0.0096334,            0.005413,            0.005413,            0.005413
                 141,             0.02353,            0.028855,           0.0018418,              0.8843,             0.81926,             0.85707,             0.59861,              0.0255,             0.03315,           0.0092206,             0.00538,             0.00538,             0.00538
                 142,            0.023089,            0.027756,           0.0020865,             0.84656,             0.82249,             0.85944,             0.60454,            0.025419,            0.033247,           0.0083789,            0.005347,            0.005347,            0.005347
                 143,            0.022608,            0.028183,           0.0018199,             0.89092,             0.80303,             0.85861,             0.60235,            0.025506,            0.032558,           0.0080652,            0.005314,            0.005314,            0.005314
                 144,             0.02281,            0.027918,           0.0019665,             0.84771,             0.79261,             0.84802,             0.59845,            0.024984,             0.03312,            0.011227,            0.005281,            0.005281,            0.005281
                 145,            0.022887,            0.028098,           0.0019835,             0.85569,             0.80325,             0.84253,             0.59851,            0.025255,            0.032729,            0.010231,            0.005248,            0.005248,            0.005248
                 146,            0.023026,            0.027845,           0.0020847,             0.90328,             0.77374,             0.85892,             0.60354,            0.025557,            0.032249,            0.011185,            0.005215,            0.005215,            0.005215
                 147,            0.022543,            0.028744,           0.0016782,             0.88032,             0.81132,             0.86759,              0.6062,            0.025381,            0.032955,           0.0086568,            0.005182,            0.005182,            0.005182
                 148,            0.022711,            0.028056,           0.0019625,             0.89762,             0.79646,             0.86268,              0.6045,            0.025491,            0.031839,            0.010005,            0.005149,            0.005149,            0.005149
                 149,            0.022549,            0.028415,           0.0018435,               0.885,             0.78816,             0.86144,             0.60067,            0.025355,            0.032773,           0.0084116,            0.005116,            0.005116,            0.005116
                 150,            0.022431,            0.027222,           0.0019498,              0.8652,              0.7953,             0.85181,             0.59614,              0.0256,            0.034273,           0.0097458,            0.005083,            0.005083,            0.005083
                 151,            0.022779,            0.027725,           0.0020631,             0.85991,             0.80399,             0.86184,             0.60331,            0.025255,            0.032415,           0.0088684,             0.00505,             0.00505,             0.00505
                 152,            0.022374,            0.026838,           0.0018196,             0.84292,              0.8077,             0.85701,             0.60146,            0.025613,            0.033192,           0.0092306,            0.005017,            0.005017,            0.005017
                 153,            0.022218,            0.027447,           0.0018096,             0.86569,             0.81019,             0.86393,              0.6111,            0.025388,            0.033301,           0.0081952,            0.004984,            0.004984,            0.004984
                 154,              0.0223,            0.027441,           0.0019456,             0.86685,             0.82945,             0.87759,             0.61596,            0.025275,            0.032281,           0.0084979,            0.004951,            0.004951,            0.004951
                 155,            0.022346,            0.027476,           0.0021823,             0.87079,             0.80475,             0.85507,             0.60912,            0.024585,            0.032703,            0.010524,            0.004918,            0.004918,            0.004918
                 156,            0.021761,            0.026046,           0.0018227,             0.89225,             0.82832,             0.86017,             0.61423,            0.025107,            0.032067,           0.0077587,            0.004885,            0.004885,            0.004885
                 157,            0.021931,            0.027605,           0.0016836,             0.89922,               0.799,             0.86537,             0.61558,            0.025363,            0.033225,           0.0083678,            0.004852,            0.004852,            0.004852
                 158,             0.02204,              0.0273,           0.0019766,             0.88666,             0.79976,             0.85959,             0.61075,            0.024989,            0.032462,           0.0083102,            0.004819,            0.004819,            0.004819
                 159,             0.02242,            0.027016,           0.0017432,             0.89319,             0.83261,             0.87196,             0.62106,            0.024864,            0.032042,           0.0076656,            0.004786,            0.004786,            0.004786
                 160,            0.021662,            0.026496,           0.0016866,             0.85739,             0.81484,             0.85528,             0.61486,            0.025164,            0.032478,           0.0086501,            0.004753,            0.004753,            0.004753
                 161,            0.021895,            0.026315,           0.0018372,             0.88112,             0.79945,             0.86118,             0.60714,            0.025287,            0.034047,            0.009171,             0.00472,             0.00472,             0.00472
                 162,            0.021376,            0.027455,           0.0018593,               0.895,             0.77801,             0.86919,             0.61213,            0.024703,            0.033735,           0.0090363,            0.004687,            0.004687,            0.004687
                 163,            0.022035,             0.02754,           0.0016788,             0.90183,             0.79952,             0.86412,             0.61445,            0.024483,            0.033888,           0.0077962,            0.004654,            0.004654,            0.004654
                 164,            0.021527,            0.026259,           0.0015994,             0.91426,             0.77599,              0.8564,             0.60661,            0.024954,            0.033736,           0.0083796,            0.004621,            0.004621,            0.004621
                 165,            0.021518,            0.027323,           0.0016209,             0.85361,             0.83188,             0.86094,             0.60504,            0.024859,            0.033495,           0.0082965,            0.004588,            0.004588,            0.004588
                 166,            0.021858,            0.027114,           0.0017287,             0.88978,              0.7849,             0.85939,             0.60679,            0.024862,            0.033361,           0.0083876,            0.004555,            0.004555,            0.004555
                 167,            0.021644,            0.026667,            0.001766,             0.85366,             0.82712,              0.8721,             0.61523,            0.024855,             0.03341,           0.0085938,            0.004522,            0.004522,            0.004522
                 168,            0.021633,             0.02658,           0.0019368,             0.85467,             0.80548,             0.85755,             0.60482,            0.024753,            0.034089,            0.010242,            0.004489,            0.004489,            0.004489
                 169,            0.021382,            0.027142,           0.0016393,             0.88716,             0.78324,             0.85888,             0.60268,            0.024842,            0.033617,           0.0092389,            0.004456,            0.004456,            0.004456
                 170,            0.021508,            0.027415,           0.0016852,             0.89117,             0.79691,             0.86248,             0.61154,            0.024777,            0.033166,           0.0093436,            0.004423,            0.004423,            0.004423
                 171,            0.021219,            0.027268,           0.0016553,             0.88514,             0.81627,             0.86132,              0.6126,            0.024531,            0.033089,           0.0097354,             0.00439,             0.00439,             0.00439
                 172,            0.021422,            0.026728,           0.0017666,              0.8702,             0.80048,             0.85756,             0.61404,            0.024639,            0.032808,            0.010003,            0.004357,            0.004357,            0.004357
                 173,            0.021103,            0.026606,            0.001644,             0.88924,             0.79704,             0.85164,             0.60319,            0.024601,            0.034089,           0.0089841,            0.004324,            0.004324,            0.004324
                 174,            0.020862,            0.026672,           0.0018294,             0.87891,             0.80627,             0.86181,             0.60581,            0.025007,             0.03302,           0.0095848,            0.004291,            0.004291,            0.004291
                 175,            0.021174,            0.025527,           0.0019217,             0.89682,             0.81188,             0.85944,             0.60499,            0.025063,            0.033024,           0.0088131,            0.004258,            0.004258,            0.004258
                 176,            0.021019,            0.025594,           0.0016871,             0.85577,              0.8186,             0.85952,             0.60554,            0.024985,            0.032909,           0.0098696,            0.004225,            0.004225,            0.004225
                 177,            0.021043,            0.025503,           0.0015933,             0.87222,             0.81041,             0.85784,             0.60876,            0.024942,            0.033351,           0.0099424,            0.004192,            0.004192,            0.004192
                 178,            0.021486,            0.027474,           0.0017014,              0.8713,             0.80034,             0.85221,             0.60648,            0.025168,            0.032953,           0.0099925,            0.004159,            0.004159,            0.004159
                 179,            0.020716,            0.025739,           0.0018648,             0.87526,             0.81141,             0.86295,             0.60828,            0.024989,            0.032533,            0.009125,            0.004126,            0.004126,            0.004126
                 180,            0.021633,            0.027012,           0.0018953,             0.91594,             0.75958,             0.85036,             0.59788,            0.025513,            0.033607,            0.010175,            0.004093,            0.004093,            0.004093
                 181,            0.020737,            0.026031,           0.0015248,             0.86921,             0.81306,             0.86407,             0.61189,            0.025107,            0.033213,           0.0096143,             0.00406,             0.00406,             0.00406
                 182,            0.021008,            0.026088,            0.001737,             0.82539,             0.81719,             0.86032,             0.60546,            0.025024,            0.033243,            0.010238,            0.004027,            0.004027,            0.004027
                 183,            0.020227,            0.026227,           0.0016645,             0.86786,             0.80864,             0.86474,             0.61144,            0.025069,            0.034117,           0.0090668,            0.003994,            0.003994,            0.003994
                 184,            0.020606,             0.02551,           0.0014685,             0.89516,              0.8059,             0.86781,             0.61432,            0.025023,            0.033448,           0.0081532,            0.003961,            0.003961,            0.003961
                 185,              0.0206,            0.025757,           0.0015985,             0.85294,             0.82931,             0.86262,             0.61258,            0.024929,            0.033688,           0.0079161,            0.003928,            0.003928,            0.003928
                 186,            0.020486,            0.026435,           0.0015782,             0.88987,              0.7912,             0.86848,             0.61905,            0.024536,            0.033376,           0.0078999,            0.003895,            0.003895,            0.003895
                 187,            0.020077,            0.026542,           0.0015631,             0.93535,             0.76606,             0.86221,             0.61511,            0.025054,            0.033845,           0.0086802,            0.003862,            0.003862,            0.003862
                 188,            0.020312,            0.025666,           0.0015552,             0.91462,             0.79502,              0.8676,             0.61573,            0.024786,            0.033367,           0.0079915,            0.003829,            0.003829,            0.003829
                 189,            0.020457,            0.025178,           0.0015675,             0.92016,             0.77934,             0.87108,             0.60805,            0.024767,            0.033948,           0.0088431,            0.003796,            0.003796,            0.003796
                 190,            0.020046,            0.025783,           0.0013561,             0.87858,             0.80159,             0.86714,             0.61422,            0.024867,            0.033805,           0.0090875,            0.003763,            0.003763,            0.003763
                 191,            0.020079,            0.025616,           0.0015596,             0.87449,             0.79434,             0.86273,             0.60917,            0.024748,            0.033702,            0.009508,             0.00373,             0.00373,             0.00373
                 192,            0.019938,            0.024258,           0.0016405,             0.85421,             0.82633,             0.86344,             0.60918,            0.024969,            0.033826,           0.0089973,            0.003697,            0.003697,            0.003697
                 193,             0.02005,            0.025175,           0.0015453,             0.90213,             0.76373,             0.85564,             0.60614,            0.024887,            0.034678,           0.0097899,            0.003664,            0.003664,            0.003664
                 194,            0.019846,            0.025817,           0.0015688,             0.86804,             0.80061,             0.85575,             0.60834,            0.024885,             0.03501,           0.0096979,            0.003631,            0.003631,            0.003631
                 195,            0.019751,            0.024696,           0.0016639,             0.89148,              0.8016,             0.86606,             0.61223,            0.024671,            0.033691,           0.0092364,            0.003598,            0.003598,            0.003598
                 196,             0.01961,            0.024758,            0.001552,             0.87786,             0.81058,             0.85836,             0.61097,            0.024874,            0.033834,           0.0097182,            0.003565,            0.003565,            0.003565
                 197,             0.02011,            0.025307,           0.0014253,             0.87491,             0.81666,              0.8594,             0.60399,             0.02505,            0.033634,           0.0091442,            0.003532,            0.003532,            0.003532
                 198,             0.01976,            0.025136,           0.0013993,             0.90993,             0.80268,             0.86727,             0.61566,            0.024919,            0.033473,           0.0089001,            0.003499,            0.003499,            0.003499
                 199,            0.020104,            0.025375,           0.0014763,             0.91606,             0.77946,             0.86767,             0.61164,            0.024887,            0.033981,           0.0084436,            0.003466,            0.003466,            0.003466
                 200,            0.019721,            0.025129,           0.0014842,             0.91347,             0.78369,             0.86592,             0.61175,            0.024889,            0.034047,           0.0089169,            0.003433,            0.003433,            0.003433
                 201,            0.019555,            0.025543,           0.0014611,             0.85702,             0.83254,             0.86473,             0.60942,            0.024542,            0.034187,            0.008593,              0.0034,              0.0034,              0.0034
                 202,            0.019503,            0.025656,           0.0012488,             0.93111,             0.79854,              0.8701,             0.61408,            0.024806,            0.034192,           0.0089953,            0.003367,            0.003367,            0.003367
                 203,            0.019446,            0.024726,           0.0014574,             0.88369,             0.79532,              0.8635,             0.60882,            0.025005,            0.034795,           0.0096551,            0.003334,            0.003334,            0.003334
                 204,            0.019503,            0.024948,           0.0014907,             0.85054,             0.82448,             0.85928,             0.60901,            0.024937,            0.034473,           0.0094542,            0.003301,            0.003301,            0.003301
                 205,               0.019,            0.023791,           0.0015902,             0.89034,             0.81677,             0.86247,             0.61246,            0.024971,            0.034376,           0.0082235,            0.003268,            0.003268,            0.003268
                 206,            0.019064,            0.024202,           0.0013814,             0.88317,             0.81089,             0.86315,             0.61012,            0.024922,            0.034571,           0.0082521,            0.003235,            0.003235,            0.003235
                 207,            0.019315,            0.024528,            0.001473,             0.88318,             0.78202,             0.85383,             0.60805,            0.024906,             0.03521,            0.008816,            0.003202,            0.003202,            0.003202
                 208,            0.018871,             0.02471,           0.0014887,             0.93424,             0.76135,             0.85263,             0.60709,            0.024805,            0.034727,           0.0091901,            0.003169,            0.003169,            0.003169
                 209,            0.019356,            0.024508,           0.0014033,             0.91322,             0.77827,             0.85449,             0.61293,            0.024787,            0.034899,            0.008569,            0.003136,            0.003136,            0.003136
                 210,            0.019147,            0.023608,           0.0012143,             0.89161,             0.80441,             0.86557,             0.61989,            0.024561,            0.033955,           0.0085926,            0.003103,            0.003103,            0.003103
                 211,             0.01906,             0.02445,           0.0013253,             0.90956,             0.80113,             0.86981,             0.61985,            0.024714,            0.034906,           0.0083386,             0.00307,             0.00307,             0.00307
                 212,            0.018786,            0.024381,            0.001321,             0.89701,             0.82414,             0.86627,             0.61413,            0.024721,            0.034669,           0.0084193,            0.003037,            0.003037,            0.003037
                 213,            0.018945,            0.024294,           0.0013252,             0.86058,             0.82708,             0.86259,              0.6091,            0.024923,             0.03468,           0.0091835,            0.003004,            0.003004,            0.003004
                 214,            0.018996,            0.024045,           0.0013122,             0.89536,             0.79528,             0.86437,             0.61201,            0.025024,            0.034893,           0.0091402,            0.002971,            0.002971,            0.002971
                 215,            0.019173,            0.024331,           0.0013555,             0.87972,             0.80752,             0.85918,             0.61174,              0.0249,             0.03432,           0.0090447,            0.002938,            0.002938,            0.002938
                 216,            0.019091,            0.023766,            0.001471,             0.88966,             0.82676,             0.86751,              0.6199,            0.024889,            0.034229,            0.008836,            0.002905,            0.002905,            0.002905
                 217,            0.018603,            0.023954,           0.0013386,             0.89248,             0.81531,             0.86742,             0.61935,            0.024988,            0.034735,           0.0091131,            0.002872,            0.002872,            0.002872
                 218,            0.018817,            0.024041,           0.0013241,             0.87648,             0.81949,             0.86749,              0.6162,            0.025287,            0.034613,           0.0094632,            0.002839,            0.002839,            0.002839
                 219,            0.018642,            0.024466,           0.0012749,               0.862,             0.81659,             0.86129,             0.61179,            0.025176,            0.034187,            0.010227,            0.002806,            0.002806,            0.002806
                 220,            0.018276,            0.022719,           0.0013663,             0.91028,             0.77298,             0.86749,             0.60887,            0.025024,            0.033953,           0.0096787,            0.002773,            0.002773,            0.002773
                 221,            0.018999,            0.024242,           0.0012671,             0.87698,             0.82375,             0.86671,             0.61233,            0.024923,            0.034087,           0.0095927,             0.00274,             0.00274,             0.00274
                 222,            0.018786,            0.024398,           0.0012523,             0.90616,             0.79998,             0.86488,             0.61167,            0.024954,             0.03421,           0.0093075,            0.002707,            0.002707,            0.002707
                 223,            0.018683,            0.023477,           0.0012919,             0.90506,             0.81404,             0.87066,             0.61885,            0.024881,            0.034357,             0.00875,            0.002674,            0.002674,            0.002674
                 224,            0.018732,            0.023488,           0.0013122,             0.90518,             0.81983,             0.87204,             0.61904,            0.024889,            0.034243,           0.0091539,            0.002641,            0.002641,            0.002641
                 225,            0.018478,            0.022618,           0.0013682,             0.92193,             0.83916,             0.88103,             0.62017,            0.024836,            0.034226,           0.0082558,            0.002608,            0.002608,            0.002608
                 226,            0.018501,            0.023001,            0.001441,             0.88063,             0.84883,             0.87405,             0.62073,            0.024991,            0.034551,           0.0090789,            0.002575,            0.002575,            0.002575
                 227,            0.018411,            0.023497,           0.0013692,             0.89583,             0.82842,              0.8714,              0.6202,            0.025021,            0.034435,           0.0093761,            0.002542,            0.002542,            0.002542
                 228,            0.018162,            0.022646,           0.0014363,             0.88983,             0.83255,             0.87283,             0.61729,            0.024809,            0.034774,           0.0090847,            0.002509,            0.002509,            0.002509
                 229,            0.018331,            0.024299,           0.0011514,             0.92105,             0.81781,             0.87662,             0.61991,             0.02479,            0.034465,           0.0089633,            0.002476,            0.002476,            0.002476
                 230,             0.01821,            0.023485,           0.0012266,             0.90393,             0.82126,             0.87473,             0.62363,            0.024576,            0.034221,           0.0089255,            0.002443,            0.002443,            0.002443
                 231,             0.01783,            0.022711,           0.0011288,             0.89623,             0.82044,             0.86828,             0.61465,            0.024789,            0.034885,           0.0091874,             0.00241,             0.00241,             0.00241
                 232,            0.018287,            0.023381,           0.0011903,             0.91438,             0.83109,             0.87621,              0.6173,            0.024939,            0.034787,           0.0089325,            0.002377,            0.002377,            0.002377
                 233,            0.018156,            0.023706,           0.0012845,             0.89924,             0.84871,              0.8775,             0.62019,            0.024686,            0.035021,           0.0079299,            0.002344,            0.002344,            0.002344
                 234,            0.017738,            0.023243,           0.0011453,             0.91577,             0.81022,             0.86862,             0.61227,            0.025071,            0.035133,           0.0090614,            0.002311,            0.002311,            0.002311
                 235,            0.017995,            0.022976,           0.0012701,             0.86897,             0.81937,             0.86176,             0.61004,            0.024973,             0.03513,            0.010027,            0.002278,            0.002278,            0.002278
                 236,            0.018086,            0.023649,           0.0011635,             0.89279,             0.81104,              0.8693,             0.61384,            0.024755,            0.035101,            0.009133,            0.002245,            0.002245,            0.002245
                 237,            0.017835,            0.023726,           0.0011298,             0.90801,             0.81868,             0.86962,             0.61498,            0.025146,            0.035119,           0.0091932,            0.002212,            0.002212,            0.002212
                 238,            0.017842,            0.023342,           0.0012199,             0.90152,             0.83048,             0.87256,             0.61094,            0.025229,            0.035399,           0.0091984,            0.002179,            0.002179,            0.002179
                 239,            0.017627,            0.023357,           0.0011692,             0.90996,             0.81962,             0.87674,             0.61489,            0.025178,            0.035144,           0.0092495,            0.002146,            0.002146,            0.002146
                 240,            0.018068,            0.023357,           0.0012844,             0.90989,             0.82702,             0.87283,             0.61644,            0.025204,            0.035448,            0.009078,            0.002113,            0.002113,            0.002113
                 241,            0.017327,            0.022243,            0.001165,             0.89065,             0.83786,             0.87148,             0.61925,            0.025189,            0.035495,           0.0089556,             0.00208,             0.00208,             0.00208
                 242,             0.01775,            0.023838,           0.0011848,             0.88129,             0.82816,             0.86244,             0.61602,            0.025272,            0.035693,           0.0091067,            0.002047,            0.002047,            0.002047
                 243,            0.017629,            0.022603,           0.0011348,             0.90681,             0.81252,             0.86461,             0.61608,            0.025174,             0.03499,           0.0093906,            0.002014,            0.002014,            0.002014
                 244,            0.017453,            0.022208,           0.0011656,             0.88404,             0.83649,             0.86971,             0.62357,            0.025082,            0.034926,           0.0094786,            0.001981,            0.001981,            0.001981
                 245,             0.01752,            0.023886,            0.001206,             0.88074,             0.82717,             0.86742,             0.61937,            0.025034,            0.035192,           0.0091056,            0.001948,            0.001948,            0.001948
                 246,            0.017621,            0.024393,           0.0011135,             0.89735,             0.82191,             0.87005,             0.62087,            0.025014,            0.035157,           0.0090508,            0.001915,            0.001915,            0.001915
                 247,            0.017374,            0.022654,           0.0011969,             0.88267,             0.82058,             0.86947,             0.61745,            0.024991,            0.035379,           0.0094724,            0.001882,            0.001882,            0.001882
                 248,             0.01756,            0.022787,           0.0012203,             0.86571,             0.82245,             0.86821,              0.6208,            0.025117,            0.035613,           0.0095244,            0.001849,            0.001849,            0.001849
                 249,            0.017099,            0.023662,           0.0010148,             0.85617,              0.8378,             0.86714,             0.61792,            0.025147,            0.034957,           0.0093781,            0.001816,            0.001816,            0.001816
                 250,            0.017489,             0.02226,           0.0010593,             0.90126,             0.82163,             0.87224,             0.61787,            0.025057,            0.034993,           0.0091995,            0.001783,            0.001783,            0.001783
                 251,            0.017554,            0.022546,           0.0011615,             0.89722,             0.82164,             0.87119,             0.62399,            0.025031,            0.035089,           0.0095027,             0.00175,             0.00175,             0.00175
                 252,             0.01751,            0.023325,           0.0010911,             0.87583,              0.8246,             0.87135,             0.62136,             0.02487,            0.035043,           0.0091309,            0.001717,            0.001717,            0.001717
                 253,            0.017033,            0.022048,           0.0011379,             0.86739,             0.82703,             0.86736,             0.61687,            0.024875,            0.035217,            0.009226,            0.001684,            0.001684,            0.001684
                 254,            0.017071,            0.023482,           0.0010859,             0.85952,             0.82457,             0.86283,              0.6131,            0.024938,            0.035705,           0.0098208,            0.001651,            0.001651,            0.001651
                 255,             0.01719,            0.022193,            0.001069,             0.89896,             0.79238,             0.86322,             0.61455,            0.024845,            0.035511,             0.00992,            0.001618,            0.001618,            0.001618
                 256,            0.016612,            0.022179,          0.00089432,             0.88645,             0.80784,             0.86229,              0.6179,            0.024772,            0.035425,           0.0099444,            0.001585,            0.001585,            0.001585
                 257,            0.016766,            0.021606,           0.0011346,             0.87823,             0.80807,             0.86504,             0.61718,            0.024739,            0.035638,           0.0096642,            0.001552,            0.001552,            0.001552
                 258,            0.016954,            0.022699,          0.00093783,             0.89728,             0.79381,             0.86564,             0.61473,            0.024782,            0.035418,           0.0095846,            0.001519,            0.001519,            0.001519
                 259,             0.01672,            0.022679,           0.0010299,             0.90028,             0.79345,             0.85931,             0.61642,            0.024779,            0.035936,           0.0095024,            0.001486,            0.001486,            0.001486
                 260,            0.016625,            0.022884,           0.0010371,             0.85439,             0.81534,             0.85938,             0.62165,            0.024725,            0.035772,           0.0094575,            0.001453,            0.001453,            0.001453
                 261,            0.016894,            0.022322,           0.0012595,             0.85599,             0.81842,             0.86132,             0.62166,            0.024794,            0.035737,           0.0094888,             0.00142,             0.00142,             0.00142
                 262,            0.016856,            0.022749,           0.0010307,             0.88148,             0.80426,              0.8605,             0.61622,             0.02492,            0.036136,           0.0091763,            0.001387,            0.001387,            0.001387
                 263,            0.016928,             0.02178,           0.0011509,             0.88274,             0.81582,               0.864,             0.61623,            0.024821,            0.035995,           0.0088632,            0.001354,            0.001354,            0.001354
                 264,            0.016554,            0.021392,          0.00098307,               0.893,             0.82708,             0.87009,             0.61988,            0.024727,             0.03583,           0.0083878,            0.001321,            0.001321,            0.001321
                 265,            0.016682,            0.022322,            0.001018,              0.8759,             0.83977,             0.86785,             0.61868,            0.024796,            0.036048,           0.0086051,            0.001288,            0.001288,            0.001288
                 266,            0.016813,            0.021787,          0.00097313,             0.87976,             0.83859,             0.86838,             0.61824,            0.024902,            0.036123,           0.0088289,            0.001255,            0.001255,            0.001255
                 267,            0.016816,            0.021826,           0.0010911,             0.88422,             0.83306,             0.87065,             0.61746,            0.024801,            0.035814,           0.0088487,            0.001222,            0.001222,            0.001222
                 268,             0.01695,            0.022425,           0.0011166,             0.89612,             0.81564,             0.86762,             0.61835,            0.024771,            0.035809,           0.0088884,            0.001189,            0.001189,            0.001189
                 269,            0.016273,             0.02143,           0.0010304,             0.87753,             0.82259,             0.86924,             0.61976,            0.024599,            0.035608,           0.0090172,            0.001156,            0.001156,            0.001156
                 270,            0.016318,            0.021162,          0.00090962,             0.87075,             0.84151,             0.86944,             0.61973,            0.024643,            0.035703,           0.0090248,            0.001123,            0.001123,            0.001123
                 271,            0.016517,            0.021897,           0.0010604,             0.89298,             0.82069,             0.87184,             0.62093,            0.024718,            0.035766,           0.0091846,             0.00109,             0.00109,             0.00109
                 272,            0.016531,            0.022224,          0.00099957,             0.88405,              0.8349,             0.87024,             0.62078,            0.024839,            0.035315,           0.0093391,            0.001057,            0.001057,            0.001057
                 273,            0.016483,            0.022405,          0.00094432,             0.89773,             0.81942,             0.87248,             0.62426,            0.024883,            0.035295,            0.009507,            0.001024,            0.001024,            0.001024
                 274,            0.016294,            0.020921,          0.00087836,             0.89133,             0.82402,             0.87428,             0.62228,            0.024752,            0.035624,           0.0093126,            0.000991,            0.000991,            0.000991
                 275,            0.016193,            0.021057,          0.00088379,             0.90662,             0.81316,             0.87012,             0.62068,            0.024763,            0.036022,            0.009381,            0.000958,            0.000958,            0.000958
                 276,             0.01611,            0.021813,          0.00099569,             0.89021,             0.83287,             0.86934,             0.62232,            0.024732,            0.036142,           0.0092113,            0.000925,            0.000925,            0.000925
                 277,            0.016073,            0.021697,          0.00094828,             0.89082,             0.82816,              0.8744,             0.62357,            0.024757,             0.03584,           0.0093313,            0.000892,            0.000892,            0.000892
                 278,            0.016372,             0.02212,          0.00099492,             0.88525,                0.83,             0.87154,             0.62202,             0.02484,            0.035741,           0.0094633,            0.000859,            0.000859,            0.000859
                 279,            0.016395,            0.022476,          0.00096923,             0.88282,             0.82623,               0.873,             0.62216,            0.024773,            0.035688,           0.0094667,            0.000826,            0.000826,            0.000826
                 280,            0.016099,            0.021792,           0.0010484,             0.88782,             0.83837,             0.87279,             0.62258,            0.024765,            0.036006,           0.0093657,            0.000793,            0.000793,            0.000793
                 281,            0.015898,            0.021501,           0.0007655,             0.88529,              0.8344,             0.87144,             0.62091,            0.024776,            0.036283,           0.0095851,             0.00076,             0.00076,             0.00076
                 282,            0.016255,            0.021796,           0.0011176,              0.8672,             0.83944,             0.87242,             0.62113,            0.024808,            0.036059,           0.0096773,            0.000727,            0.000727,            0.000727
                 283,            0.015763,            0.020834,          0.00096784,             0.88375,             0.83245,             0.87256,             0.62282,            0.024679,            0.035886,           0.0095357,            0.000694,            0.000694,            0.000694
                 284,            0.015744,            0.020956,           0.0011326,             0.89634,             0.82443,             0.87183,             0.62335,            0.024647,            0.036203,           0.0096261,            0.000661,            0.000661,            0.000661
                 285,            0.016023,             0.02183,          0.00089473,             0.87158,             0.83674,             0.87195,             0.62443,            0.024646,            0.036105,           0.0095744,            0.000628,            0.000628,            0.000628
                 286,            0.015856,            0.020985,           0.0010825,              0.8917,             0.82019,             0.87219,              0.6243,             0.02459,            0.036105,           0.0093955,            0.000595,            0.000595,            0.000595
                 287,            0.016215,            0.021749,           0.0010185,             0.86335,             0.84444,             0.87263,             0.62501,            0.024623,            0.036065,           0.0094276,            0.000562,            0.000562,            0.000562
                 288,            0.016065,             0.02073,          0.00097071,             0.88493,             0.82806,             0.87098,             0.62263,            0.024726,            0.035948,           0.0094988,            0.000529,            0.000529,            0.000529
                 289,            0.015776,            0.021967,          0.00084705,             0.88245,              0.8252,             0.87107,             0.62312,            0.024778,             0.03608,            0.009505,            0.000496,            0.000496,            0.000496
                 290,            0.015997,            0.021021,          0.00085847,             0.88116,             0.83197,             0.87128,             0.62217,            0.024767,            0.036294,            0.009488,            0.000463,            0.000463,            0.000463
                 291,            0.015472,            0.020948,          0.00079915,             0.89329,             0.82025,             0.87399,             0.62508,            0.024789,            0.036444,           0.0093657,             0.00043,             0.00043,             0.00043
                 292,            0.015752,              0.0209,          0.00099611,             0.89047,               0.824,             0.87286,             0.62414,            0.024839,            0.036484,           0.0095273,            0.000397,            0.000397,            0.000397
                 293,             0.01561,            0.020819,          0.00099799,             0.89295,             0.82779,             0.87318,             0.62502,            0.024803,            0.036456,           0.0095462,            0.000364,            0.000364,            0.000364
                 294,            0.015878,            0.021465,          0.00084433,             0.89404,             0.82841,             0.87211,             0.62339,            0.024745,             0.03637,            0.009485,            0.000331,            0.000331,            0.000331
                 295,            0.015495,            0.020485,          0.00086666,             0.88901,              0.8302,              0.8722,             0.62538,            0.024696,            0.036221,           0.0096177,            0.000298,            0.000298,            0.000298
                 296,            0.015619,            0.020476,          0.00082448,             0.88826,             0.83104,             0.87151,             0.62214,            0.024751,            0.036329,           0.0097533,            0.000265,            0.000265,            0.000265
                 297,            0.015566,            0.020036,          0.00093422,             0.88916,             0.83111,             0.87172,             0.62345,            0.024768,            0.036383,           0.0098469,            0.000232,            0.000232,            0.000232
                 298,            0.015649,            0.021478,          0.00090401,             0.88916,             0.82711,             0.87216,             0.62528,            0.024734,            0.036346,           0.0098082,            0.000199,            0.000199,            0.000199
                 299,            0.015873,            0.020487,          0.00085172,             0.88617,             0.82464,             0.87053,             0.62368,            0.024746,            0.036398,           0.0097477,            0.000166,            0.000166,            0.000166
